Tanggal,Price100,Price50,Price25,Price10,Price5,Price3,Price2,Price1
2022-01-01,8801200000,2202250000,551550000,88750000,22325000,8097000,3632000,938000
2022-01-02,8801200000,2202250000,551550000,88750000,22325000,8097000,3632000,938000
2022-01-03,8801200000,2202250000,551550000,88750000,22325000,8097000,3632000,938000
2022-01-04,8801200000,2202250000,551550000,88750000,22325000,8097000,3632000,938000
2022-01-05,8801200000,2202250000,551550000,88750000,22325000,8097000,3632000,938000
2022-01-06,8801200000,2202250000,551550000,88750000,22325000,8097000,3632000,938000
2022-01-07,8801200000,2202250000,551550000,88750000,22325000,8097000,3632000,938000
2022-01-08,8801200000,2202250000,551550000,88750000,22325000,8097000,3632000,938000
2022-01-09,8801200000,2202250000,551550000,88750000,22325000,8097000,3632000,938000
2022-01-10,8801200000,2202250000,551550000,88750000,22325000,8097000,3632000,938000
2022-01-11,8801200000,2202250000,551550000,88750000,22325000,8097000,3632000,938000
2022-01-12,8801200000,2202250000,551550000,88750000,22325000,8097000,3632000,938000
2022-01-13,8801200000,2202250000,551550000,88750000,22325000,8097000,3632000,938000
2022-01-14,8801200000,2202250000,551550000,88750000,22325000,8097000,3632000,938000
2022-01-15,8801200000,2202250000,551550000,88750000,22325000,8097000,3632000,938000
2022-01-16,8801200000,2202250000,551550000,88750000,22325000,8097000,3632000,938000
2022-01-17,8791200000,2199750000,550925000,88650000,22300000,8088000,3628000,937000
2022-01-18,8791200000,2199750000,550925000,88650000,22300000,8088000,3628000,937000
2022-01-19,8791200000,2199750000,550925000,88650000,22300000,8088000,3628000,937000
2022-01-20,8791200000,2199750000,550925000,88650000,22300000,8088000,3628000,937000
2022-01-21,8891200000,2224750000,557175000,89650000,22550000,8178000,3668000,947000
2022-01-22,8891200000,2224750000,557175000,89650000,22550000,8178000,3668000,947000
2022-01-23,8871200000,2219750000,555925000,89450000,22500000,8160000,3660000,945000
2022-01-24,8861200000,2217250000,555300000,89350000,22475000,8151000,3656000,944000
2022-01-25,8861200000,2217250000,555300000,89350000,22475000,8151000,3656000,944000
2022-01-26,8921200000,2232250000,559050000,89950000,22625000,8205000,3680000,950000
2022-01-27,8801200000,2202250000,551550000,88750000,22325000,8097000,3632000,938000
2022-01-28,8801200000,2202250000,551550000,88750000,22325000,8097000,3632000,938000
2022-01-29,8801200000,2202250000,551550000,88750000,22325000,8097000,3632000,938000
2022-01-30,8701200000,2177250000,545300000,87750000,22075000,8007000,3592000,928000
2022-01-31,8691200000,2174750000,544675000,87650000,22050000,7998000,3588000,927000
2022-02-01,128012000,64045000,32062000,12875000,6465000,3899001,2616000,1338000
2022-02-02,128012000,64045000,32062000,12875000,6465000,3899001,2616000,1338000
2022-02-03,128012000,64045000,32062000,12875000,6465000,3899001,2616000,1338000
2022-02-04,128012000,64045000,32062000,12875000,6465000,3899001,2616000,1338000
2022-02-05,128012000,64045000,32062000,12875000,6465000,3899001,2616000,1338000
2022-02-06,128012000,64045000,32062000,12875000,6465000,3899001,2616000,1338000
2022-02-07,128012000,64045000,32062000,12875000,6465000,3899001,2616000,1338000
2022-02-08,128012000,64045000,32062000,12875000,6465000,3899001,2616000,1338000
2022-02-09,128012000,64045000,32062000,12875000,6465000,3899001,2616000,1338000
2022-02-10,88112000,44095000,22087000,8885000,4470000,2702001,1818000,939000
2022-02-11,88112000,44095000,22087000,8885000,4470000,2702001,1818000,939000
2022-02-12,88112000,44095000,22087000,8885000,4470000,2702001,1818000,939000
2022-02-13,88112000,44095000,22087000,8885000,4470000,2702001,1818000,939000
2022-02-14,88112000,44095000,22087000,8885000,4470000,2702001,1818000,939000
2022-02-15,88112000,44095000,22087000,8885000,4470000,2702001,1818000,939000
2022-02-16,88112000,44095000,22087000,8885000,4470000,2702001,1818000,939000
2022-02-17,88112000,44095000,22087000,8885000,4470000,2702001,1818000,939000
2022-02-18,88112000,44095000,22087000,8885000,4470000,2702001,1818000,939000
2022-02-19,88112000,44095000,22087000,8885000,4470000,2702001,1818000,939000
2022-02-20,88112000,44095000,22087000,8885000,4470000,2702001,1818000,939000
2022-02-21,88112000,44095000,22087000,8885000,4470000,2702001,1818000,939000
2022-02-22,88112000,44095000,22087000,8885000,4470000,2702001,1818000,939000
2022-02-23,88112000,44095000,22087000,8885000,4470000,2702001,1818000,939000
2022-02-24,88112000,44095000,22087000,8885000,4470000,2702001,1818000,939000
2022-02-25,88112000,44095000,22087000,8885000,4470000,2702001,1818000,939000
2022-02-26,88112000,44095000,22087000,8885000,4470000,2702001,1818000,939000
2022-02-27,88112000,44095000,22087000,8885000,4470000,2702001,1818000,939000
2022-02-28,88112000,44095000,22087000,8885000,4470000,2702001,1818000,939000
2022-03-01,9191200000,2299750000,575925000,92650000,23300000,8448000,3788000,977000
2022-03-02,9291200000,2324750000,582175000,93650000,23550000,8538000,3828000,987000
2022-03-03,9291200000,2324750000,582175000,93650000,23550000,8538000,3828000,987000
2022-03-04,9291200000,2324750000,582175000,93650000,23550000,8538000,3828000,987000
2022-03-05,9291200000,2324750000,582175000,93650000,23550000,8538000,3828000,987000
2022-03-06,9471200000,2369750000,593425000,95450000,24000000,8700000,3900000,1005000
2022-03-07,9551200000,2389750000,598425000,96250000,24200000,8772000,3932000,1013000
2022-03-08,9611200000,2404750000,602175000,96850000,24350000,8826000,3956000,1019000
2022-03-09,9781200000,2447250000,612800000,98550000,24775000,8979000,4024000,1036000
2022-03-10,9781200000,2447250000,612800000,98550000,24775000,8979000,4024000,1036000
2022-03-11,9521200000,2382250000,596550000,95950000,24125000,8745000,3920000,1010000
2022-03-12,9511200000,1191850000,595925000,95850000,24100000,8736000,3916000,1009000
2022-03-13,9511200000,1191850000,595925000,95850000,24100000,8736000,3916000,1009000
2022-03-14,9431200000,2359750000,590925000,95050000,23900000,8664000,3884000,1001000
2022-03-15,9361200000,2342250000,586550000,94350000,23725000,8601000,3856000,994000
2022-03-16,9261200000,2317250000,580300000,93350000,23475000,8511000,3816000,984000
2022-03-17,9281200000,2322250000,581550000,93550000,23525000,8529000,3824000,986000
2022-03-18,9331200000,2334750000,584675000,94050000,23650000,8574000,3844000,991000
2022-03-19,9261200000,2317250000,580300000,93350000,23475000,8511000,3816000,984000
2022-03-20,9261200000,2317250000,580300000,93350000,23475000,8511000,3816000,984000
2022-03-21,9251200000,2314750000,579675000,93250000,23450000,8502000,3812000,983000
2022-03-22,9311200000,2329750000,583425000,93850000,23600000,8556000,3836000,989000
2022-03-23,9261200000,2317250000,580300000,93350000,23475000,8511000,3816000,984000
2022-03-24,9361200000,2342250000,586550000,94350000,23725000,8601000,3856000,994000
2022-03-25,9421200000,2357250000,590300000,94950000,23875000,8655000,3880000,1000000
2022-03-26,9411200000,2354750000,589675000,94850000,23850000,8646000,3876000,999000
2022-03-27,9411200000,2354750000,589675000,94850000,23850000,8646000,3876000,999000
2022-03-28,9411200000,2354750000,589675000,94850000,23850000,8646000,3876000,999000
2022-03-29,9271200000,2319750000,580925000,93450000,23500000,8520000,3820000,985000
2022-03-30,9251200000,2314750000,579675000,93250000,23450000,8502000,3812000,983000
2022-03-31,9291200000,2324750000,582175000,93650000,23550000,8538000,3828000,987000
2022-04-01,9311200000,2329750000,583425000,93850000,23600000,8556000,3836000,989000
2022-04-02,9271200000,2319750000,580925000,93450000,23500000,8520000,3820000,985000
2022-04-03,9271200000,2319750000,580925000,93450000,23500000,8520000,3820000,985000
2022-04-04,9271200000,2319750000,580925000,93450000,23500000,8520000,3820000,985000
2022-04-05,9301200000,2327250000,582800000,93750000,23575000,8547000,3832000,988000
2022-04-06,9251200000,2314750000,579675000,93250000,23450000,8502000,3812000,983000
2022-04-07,9261200000,2317250000,580300000,93350000,23475000,8511000,3816000,984000
2022-04-08,9301200000,2327250000,582800000,93750000,23575000,8547000,3832000,988000
2022-04-09,9361200000,2342250000,586550000,94350000,23725000,8601000,3856000,994000
2022-04-10,9361200000,2342250000,586550000,94350000,23725000,8601000,3856000,994000
2022-04-11,9351200000,2339750000,585925000,94250000,23700000,8592000,3852000,993000
2022-04-12,9391200000,2349750000,588425000,94650000,23800000,8628000,3868000,997000
2022-04-13,9441200000,2362250000,591550000,95150000,23925000,8673000,3888000,1002000
2022-04-14,9481200000,2372250000,594050000,95550000,24025000,8709000,3904000,1006000
2022-04-15,9481200000,2372250000,594050000,95550000,24025000,8709000,3904000,1006000
2022-04-16,9481200000,2372250000,594050000,95550000,24025000,8709000,3904000,1006000
2022-04-17,9471200000,2369750000,593425000,95450000,24000000,8700000,3900000,1005000
2022-04-18,9521200000,2382250000,596550000,95950000,24125000,8745000,3920000,1010000
2022-04-19,9491200000,2374750000,594675000,95650000,24050000,8718000,3908000,1007000
2022-04-20,9371200000,2344750000,587175000,94450000,23750000,8610000,3860000,995000
2022-04-21,9401200000,2352250000,589050000,94750000,23825000,8637000,3872000,998000
2022-04-22,9391200000,2349750000,588425000,94650000,23800000,8628000,3868000,997000
2022-04-23,9311200000,2329750000,583425000,93850000,23600000,8556000,3836000,989000
2022-04-24,9311200000,2329750000,583425000,93850000,23600000,8556000,3836000,989000
2022-04-25,9301200000,2327250000,582800000,93750000,23575000,8547000,3832000,988000
2022-04-26,9241200000,2312250000,579050000,93150000,23425000,8493000,3808000,982000
2022-04-27,9231200000,2309750000,578425000,93050000,23400000,8484000,3804000,981000
2022-04-28,9171200000,2294750000,574675000,92450000,23250000,8430000,3780000,975000
2022-04-29,9171200000,2294750000,574675000,92450000,23250000,8430000,3780000,975000
2022-04-30,9171200000,2294750000,574675000,92450000,23250000,8430000,3780000,975000
2022-05-01,9171200000,2294750000,574675000,92450000,23250000,8430000,3780000,975000
2022-05-02,9171200000,2294750000,574675000,92450000,23250000,8430000,3780000,975000
2022-05-03,9171200000,2294750000,574675000,92450000,23250000,8430000,3780000,975000
2022-05-04,9171200000,2294750000,574675000,92450000,23250000,8430000,3780000,975000
2022-05-05,9171200000,2294750000,574675000,92450000,23250000,8430000,3780000,975000
2022-05-06,9171200000,2294750000,574675000,92450000,23250000,8430000,3780000,975000
2022-05-07,9171200000,2294750000,574675000,92450000,23250000,8430000,3780000,975000
2022-05-08,9171200000,2294750000,574675000,92450000,23250000,8430000,3780000,975000
2022-05-09,9171200000,2294750000,574675000,92450000,23250000,8430000,3780000,975000
2022-05-10,9191200000,2299750000,575925000,92650000,23300000,8448000,3788000,977000
2022-05-11,9081200000,2272250000,569050000,91550000,23025000,8349000,3744000,966000
2022-05-12,9171200000,2294750000,574675000,92450000,23250000,8430000,3780000,975000
2022-05-13,9111200000,2279750000,570925000,91850000,23100000,8376000,3756000,969000
2022-05-14,9091200000,2274750000,569675000,91650000,23050000,8358000,3748000,967000
2022-05-15,9091200000,2274750000,569675000,91650000,23050000,8358000,3748000,967000
2022-05-16,9091200000,2274750000,569675000,91650000,23050000,8358000,3748000,967000
2022-05-17,9161200000,2292250000,574050000,92350000,23225000,8421000,3776000,974000
2022-05-18,9131200000,2284750000,572175000,92050000,23150000,8394000,3764000,971000
2022-05-19,9151200000,2289750000,573425000,92250000,23200000,8412000,3772000,973000
2022-05-20,9271200000,2319750000,580925000,93450000,23500000,8520000,3820000,985000
2022-05-21,9271200000,2319750000,580925000,93450000,23500000,8520000,3820000,985000
2022-05-22,9271200000,2319750000,580925000,93450000,23500000,8520000,3820000,985000
2022-05-23,9271200000,2319750000,580925000,93450000,23500000,8520000,3820000,985000
2022-05-24,9291200000,2324750000,582175000,93650000,23550000,8538000,3828000,987000
2022-05-25,9341200000,2337250000,585300000,94150000,23675000,8583000,3848000,992000
2022-05-26,9301200000,2327250000,582800000,93750000,23575000,8547000,3832000,988000
2022-05-27,9301200000,2327250000,582800000,93750000,23575000,8547000,3832000,988000
2022-05-28,9281200000,2322250000,581550000,93550000,23525000,8529000,3824000,986000
2022-05-29,9281200000,2322250000,581550000,93550000,23525000,8529000,3824000,986000
2022-05-30,9271200000,2319750000,580925000,93450000,23500000,8520000,3820000,985000
2022-05-31,9251200000,2314750000,579675000,93250000,23450000,8502000,38120000,983000
2022-06-01,9211200000,2304750000,577175000,92850000,23350000,8466000,3796000,979000
2022-06-02,9261200000,2317250000,580300000,93350000,23475000,8511000,3816000,984000
2022-06-03,9311200000,2329750000,583425000,93850000,23600000,8556000,3836000,989000
2022-06-04,9211200000,2304750000,577175000,92850000,23350000,8466000,3796000,979000
2022-06-05,9211200000,2304750000,577175000,92850000,23350000,8466000,3796000,979000
2022-06-06,9211200000,2304750000,577175000,92850000,23350000,8466000,3796000,979000
2022-06-07,9181200000,2297250000,575300000,92550000,23275000,8439000,3784000,976000
2022-06-08,9231200000,2309750000,578425000,93050000,23400000,8484000,3804000,981000
2022-06-09,9251200000,2314750000,579675000,93250000,23450000,8502000,3812000,983000
2022-06-10,9261200000,2317250000,580300000,93350000,23475000,8511000,3816000,984000
2022-06-11,9371200000,2344750000,587175000,94450000,23750000,8610000,3860000,995000
2022-06-12,9371200000,2344750000,587175000,94450000,23750000,8610000,3860000,995000
2022-06-13,9381200000,2347250000,587800000,94550000,23775000,8619000,3864000,996000
2022-06-14,9281200000,2322250000,581550000,93550000,23525000,8529000,3824000,986000
2022-06-15,9276000000,2322750000,582750000,93900000,23675000,8577000,3836000,984000
2022-06-16,9361200000,2342250000,586550000,94350000,23725000,8601000,3856000,994000
2022-06-17,9411200000,2354750000,589675000,94850000,23850000,8646000,3876000,999000
2022-06-18,9411200000,2354750000,589675000,94850000,23850000,8646000,3876000,999000
2022-06-19,9411200000,2354750000,589675000,94850000,23850000,8646000,3876000,999000
2022-06-20,9411200000,2354750000,589675000,94850000,23850000,8646000,3876000,999000
2022-06-21,9411200000,2354750000,589675000,94850000,23850000,8646000,3876000,999000
2022-06-22,9351200000,2339750000,585925000,94250000,23700000,8592000,3852000,993000
2022-06-23,9411200000,2354750000,589675000,94850000,23850000,8646000,3876000,999000
2022-06-24,9341200000,2337250000,585300000,94150000,23675000,8583000,3848000,992000
2022-06-25,9341200000,2337250000,585300000,94150000,23675000,8583000,3848000,992000
2022-06-26,9341200000,2337250000,585300000,94150000,23675000,8583000,3848000,992000
2022-06-27,9361200000,2342250000,586550000,94350000,23725000,8601000,3856000,994000
2022-06-28,9301200000,2327250000,582800000,93750000,23575000,8547000,3832000,988000
2022-06-29,9301200000,2327250000,582800000,93750000,23575000,8547000,3832000,988000
2022-06-30,9301200000,2327250000,582800000,93750000,23575000,8547000,3832000,988000
2022-07-01,9261200000,2317250000,580300000,93350000,23475000,8511000,3816000,984000
2022-07-02,9331200000,2334750000,584675000,94050000,23650000,8574000,3844000,991000
2022-07-03,9331200000,2334750000,584675000,94050000,23650000,8574000,3844000,991000
2022-07-04,9311200000,2329750000,583425000,93850000,23600000,8556000,3836000,989000
2022-07-05,9311200000,2329750000,583425000,93850000,23600000,8556000,3836000,989000
2022-07-06,9191200000,2299750000,575925000,92650000,23300000,8448000,3788000,977000
2022-07-07,9111200000,2279750000,570925000,91850000,23100000,8376000,3756000,969000
2022-07-08,9111200000,2279750000,570925000,91850000,23100000,8376000,3756000,969000
2022-07-09,9111200000,2279750000,570925000,91850000,23100000,8376000,3756000,969000
2022-07-10,9111200000,2279750000,570925000,91850000,23100000,8376000,3756000,969000
2022-07-11,9111200000,2279750000,570925000,91850000,23100000,8376000,3756000,969000
2022-07-12,9081200000,2272250000,569050000,91550000,23025000,8349000,3744000,966000
2022-07-13,9061200000,2267250000,567800000,91350000,22975000,8331000,3736000,964000
2022-07-14,9091200000,2274750000,569675000,91650000,23050000,8358000,3748000,967000
2022-07-15,9041200000,2262250000,566550000,91150000,22925000,8313000,3728000,962000
2022-07-16,9041200000,2262250000,566550000,91150000,22925000,8313000,3728000,962000
2022-07-17,9041200000,2262250000,566550000,91150000,22925000,8313000,3728000,962000
2022-07-18,9041200000,2262250000,566550000,91150000,22925000,8313000,3728000,962000
2022-07-19,9031200000,2259750000,565925000,91050000,22900000,8304000,3724000,961000
2022-07-20,9051200000,2264750000,567175000,91250000,22950000,8322000,3732000,963000
2022-07-21,8991200000,2299750000,563425000,90650000,22800000,8268000,3708000,957000
2022-07-22,9071200000,2269750000,568425000,91450000,23000000,8340000,3740000,965000
2022-07-23,9121200000,2282250000,571550000,91950000,23125000,8385000,3760000,970000
2022-07-24,9121200000,2282250000,571550000,91950000,23125000,8385000,3760000,970000
2022-07-25,9111200000,2279750000,570925000,91850000,23100000,8376000,3756000,969000
2022-07-26,9081200000,2272250000,569050000,91550000,23025000,8349000,3744000,966000
2022-07-27,9081200000,2272250000,569050000,91550000,23025000,8349000,3744000,966000
2022-07-28,9201200000,2302250000,576550000,92750000,23325000,8457000,3792000,978000
2022-07-29,9241200000,2312250000,579050000,93150000,23425000,8493000,3808000,982000
2022-07-30,9241200000,2312250000,579050000,93150000,23425000,8493000,3808000,982000
2022-07-31,9241200000,2312250000,579050000,93150000,23425000,8493000,3808000,982000
2022-08-01,9221200000,2307250000,577800000,92950000,23375000,8475000,3800000,980000
2022-08-02,9261200000,2317250000,580300000,93350000,23475000,8511000,3816000,984000
2022-08-03,9201200000,2302250000,576550000,92750000,23325000,8457000,3792000,978000
2022-08-04,9251200000,2314750000,579675000,93250000,23450000,8502000,3812000,983000
2022-08-05,9401200000,2352250000,589050000,94750000,23825000,8637000,3872000,998000
2022-08-06,9311200000,2329750000,583425000,93850000,23600000,8556000,3836000,989000
2022-08-07,9311200000,2329750000,583425000,93850000,23600000,8556000,3836000,989000
2022-08-08,9291200000,2324750000,582175000,93650000,23550000,8538000,3828000,987000
2022-08-09,9381200000,2347250000,587800000,94550000,23775000,8619000,3864000,996000
2022-08-10,9371200000,2344750000,587175000,94450000,23750000,8610000,3860000,995000
2022-08-11,9371200000,2344750000,587175000,94450000,23750000,8610000,3860000,995000
2022-08-12,9321200000,2332250000,584050000,93950000,23625000,8565000,3840000,990000
2022-08-13,9321200000,2332250000,584050000,93950000,23625000,8565000,3840000,990000
2022-08-14,9321200000,2332250000,584050000,93950000,23625000,8565000,3840000,990000
2022-08-15,9301200000,2327250000,582800000,93750000,23575000,8547000,3832000,988000
2022-08-16,9221200000,2307250000,577800000,92950000,23375000,8475000,3800000,980000
2022-08-17,9221200000,2307250000,577800000,92950000,23375000,8475000,3800000,980000
2022-08-18,9171200000,2294750000,574675000,92450000,23250000,8430000,3780000,975000
2022-08-19,9171200000,2294750000,574675000,92450000,23250000,8430000,3780000,975000
2022-08-20,9141200000,2287250000,572800000,92150000,23175000,8403000,3768000,972000
2022-08-21,9141200000,2287250000,572800000,92150000,23175000,8403000,3768000,972000
2022-08-22,9141200000,2287250000,572800000,92150000,23175000,8403000,3768000,972000
2022-08-23,9101200000,2277250000,570300000,91750000,23075000,8367000,3752000,968000
2022-08-24,9141200000,2287250000,572800000,92150000,23175000,8403000,3768000,972000
2022-08-25,9141200000,2287250000,572800000,92150000,23175000,8403000,3768000,972000
2022-08-26,9141200000,2287250000,572800000,92150000,23175000,8403000,3768000,972000
2022-08-27,9061200000,2267250000,567800000,91350000,22975000,8331000,3736000,964000
2022-08-28,9061200000,2267250000,567800000,91350000,22975000,8331000,3736000,964000
2022-08-29,9041200000,2262250000,566550000,91150000,22925000,8313000,3728000,962000
2022-08-30,9071200000,2269750000,568425000,91450000,23000000,8340000,3740000,965000
2022-08-31,8991200000,2249750000,563425000,90650000,22800000,8268000,3708000,957000
2022-09-01,8911200000,2229750000,558425000,89850000,22600000,8196000,3676000,949000
2022-09-02,8891200000,2224750000,557175000,89650000,22550000,8178000,3668000,947000
2022-09-03,8891200000,2224750000,557175000,89650000,22550000,8178000,3668000,947000
2022-09-04,8941200000,2237250000,560300000,90150000,22675000,8223000,3688000,952000
2022-09-05,8931200000,2234750000,559675000,90050000,22650000,8214000,3684000,951000
2022-09-06,8971200000,2244750000,562175000,90450000,22750000,8250000,3700000,955000
2022-09-07,8881200000,2222250000,556550000,89550000,22525000,8169000,3664000,946000
2022-09-08,8921200000,2232250000,559050000,89950000,22625000,8205000,3680000,950000
2022-09-09,8891200000,2224750000,557175000,89650000,22550000,8178000,3668000,947000
2022-09-10,8891200000,2224750000,557175000,89650000,22550000,8178000,3668000,947000
2022-09-11,8891200000,2224750000,557175000,89650000,22550000,8178000,3668000,947000
2022-09-12,8891200000,2224750000,557175000,89650000,22550000,8178000,3668000,947000
2022-09-13,8921200000,2232250000,559050000,89950000,22625000,8205000,3680000,950000
2022-09-14,8841200000,2212250000,554050000,89150000,22425000,8133000,3648000,942000
2022-09-15,8841200000,2212250000,554050000,89150000,22425000,8133000,3648000,942000
2022-09-16,8751200000,2189750000,548425000,88250000,22200000,8052000,3612000,933000
2022-09-17,8821200000,2207250000,552800000,88950000,22375000,8115000,3640000,940000
2022-09-18,8821200000,2207250000,552800000,88950000,22375000,8115000,3640000,940000
2022-09-19,8821200000,2207250000,552800000,88950000,22375000,8115000,3640000,940000
2022-09-20,8841200000,2212250000,554050000,89150000,22425000,8133000,3648000,942000
2022-09-21,8791200000,2199750000,550925000,88650000,22300000,8088000,3628000,937000
2022-09-22,8791200000,2199750000,550925000,88650000,22300000,8088000,3628000,937000
2022-09-23,8831200000,2209750000,553425000,89050000,22400000,8124000,3644000,941000
2022-09-24,8741200000,2187250000,547800000,88150000,22175000,8043000,3608000,932000
2022-09-25,87412000,43745000,21912000,8815000,4435000,2681001,1804000,932000
2022-09-26,87412000,43745000,21912000,8815000,4435000,2681001,1804000,932000
2022-09-27,87212000,43645000,21862000,8795000,4425000,2675001,1800000,930000
2022-09-28,87412000,43745000,21912000,8815000,4435000,2681001,1804000,932000
2022-09-29,88412000,44245000,22162000,8915000,4485000,2711001,1824000,942000
2022-09-30,88712000,44395000,22237000,8945000,4500000,2720001,1830000,945000
2022-10-01,88112000,44095000,22087000,8885000,4470000,2702001,1818000,939000
2022-10-02,88112000,44095000,22087000,8885000,4470000,2702001,1818000,939000
2022-10-03,88112000,44095000,22087000,8885000,4470000,2702001,1818000,939000
2022-10-04,88112000,44095000,22087000,8885000,4470000,2702001,1818000,939000
2022-10-05,88112000,44095000,22087000,8885000,4470000,2702001,1818000,939000
2022-10-06,88112000,44095000,22087000,8885000,4470000,2702001,1818000,939000
2022-10-07,88112000,44095000,22087000,8885000,4470000,2702001,1818000,939000
2022-10-08,88112000,44095000,22087000,8885000,4470000,2702001,1818000,939000
2022-10-09,88112000,44095000,22087000,8885000,4470000,2702001,1818000,939000
2022-10-10,89112000,44595000,22337000,8985000,4520000,2732001,1838000,949000
2022-10-11,88312000,44195000,22137000,8905000,4480000,2708001,1822000,941000
2022-10-12,88312000,44195000,22137000,8905000,4480000,2708001,1822000,941000
2022-10-13,88712000,44395000,22237000,8945000,4500000,2720001,1830000,945000
2022-10-14,88212000,44145000,22112000,8895000,4475000,2705001,1820000,940000
2022-10-15,87712000,43895000,21987000,8845000,4450000,2690001,1810000,935000
2022-10-16,87712000,43895000,21987000,8845000,4450000,2690001,1810000,935000
2022-10-17,87712000,43895000,21987000,8845000,4450000,2690001,1810000,935000
2022-10-18,88212000,44145000,22112000,8895000,4475000,2705001,1820000,940000
2022-10-19,88212000,44145000,22112000,8895000,4475000,2705001,1820000,940000
2022-10-20,87512000,43795000,21937000,8825000,4440000,2684001,1806000,933000
2022-10-21,87812000,43945000,22012000,8855000,4455000,2693001,1812000,936000
2022-10-22,88712000,44395000,22237000,8945000,4500000,2720001,1830000,945000
2022-10-23,88712000,44395000,22237000,8945000,4500000,2720001,1830000,945000
2022-10-24,88812000,44445000,22262000,8955000,4505000,2723001,1832000,946000
2022-10-25,88512000,44295000,22187000,8925000,4490000,2714001,1826000,943000
2022-10-26,88512000,44295000,22187000,8925000,4490000,2714001,1826000,943000
2022-10-27,89012000,44545000,22312000,8975000,4515000,2729001,1836000,948000
2022-10-28,88612000,44345000,22212000,8935000,4495000,2717001,1828000,944000
2022-10-29,88112000,44095000,22087000,8885000,4470000,2702001,1818000,939000
2022-10-30,88112000,44095000,22087000,8885000,4470000,2702001,1818000,939000
2022-10-31,88112000,44095000,22087000,8885000,4470000,2702001,1818000,939000
2022-11-01,8801200000,2202250000,551550000,88750000,22325000,8097000,3632000,938000
2022-11-02,8801200000,2202250000,551550000,88750000,22325000,8097000,3632000,938000
2022-11-03,8801200000,2202250000,551550000,88750000,22325000,8097000,3632000,938000
2022-11-04,8801200000,2202250000,551550000,88750000,22325000,8097000,3632000,938000
2022-11-05,8801200000,2202250000,551550000,88750000,22325000,8097000,3632000,938000
2022-11-06,8801200000,2202250000,551550000,88750000,22325000,8097000,3632000,938000
2022-11-07,8801200000,2202250000,551550000,88750000,22325000,8097000,3632000,938000
2022-11-08,8801200000,2202250000,551550000,88750000,22325000,8097000,3632000,938000
2022-11-09,8801200000,2202250000,551550000,88750000,22325000,8097000,3632000,938000
2022-11-10,90112000,45095000,22587000,9085000,4570000,2762001,1858000,959000
2022-11-11,91612000,45845000,22962000,9235000,4645000,2807001,1888000,974000
2022-11-12,91412000,45745000,22912000,9215000,4635000,2801001,1884000,972000
2022-11-13,91412000,45745000,22912000,9215000,4635000,2801001,1884000,972000
2022-11-14,91212000,45645000,22862000,9195000,4625000,2795001,1880000,970000
2022-11-15,91512000,45795000,22937000,9225000,4640000,2804001,1886000,973000
2022-11-16,92312000,46195000,23137000,9305000,4680000,2828001,1902000,981000
2022-11-17,92312000,46195000,23137000,9305000,4680000,2828001,1902000,981000
2022-11-18,92212000,46145000,23112000,9295000,4675000,2825001,1900000,980000
2022-11-19,92012000,46045000,23062000,9275000,4665000,2819001,1896000,978000
2022-11-20,92012000,46045000,23062000,9275000,4665000,2819001,1896000,978000
2022-11-21,92012000,46045000,23062000,9275000,4665000,2819001,1896000,978000
2022-11-22,91712000,45895000,22987000,9245000,4650000,2810001,1890000,975000
2022-11-23,91912000,45995000,23037000,9265000,4660000,2816001,1894000,977000
2022-11-24,92312000,46195000,23137000,9305000,4680000,2828001,1902000,981000
2022-11-25,92212000,46145000,23112000,9295000,4675000,2825001,1900000,980000
2022-11-26,92312000,46195000,23137000,9305000,4680000,2828001,1902000,981000
2022-11-27,92312000,46195000,23137000,9305000,4680000,2828001,1902000,981000
2022-11-28,92112000,46095000,23087000,9285000,4670000,2822001,1898000,979000
2022-11-29,91912000,45995000,23037000,9265000,4660000,2816001,1894000,977000
2022-11-30,92312000,46195000,23137000,9305000,4680000,2828001,1902000,981000
2022-12-01,8691200000,2174750000,544675000,87650000,22050000,7998000,3588000,927000
2022-12-02,8741200000,2187250000,547800000,88150000,22175000,8043000,3608000,932000
2022-12-03,8751200000,2189750000,548425000,88250000,22200000,8052000,3612000,933000
2022-12-04,8751200000,2189750000,548425000,88250000,22200000,8052000,3612000,933000
2022-12-05,8771200000,2194750000,549675000,88450000,22250000,8070000,3620000,935000
2022-12-06,8771200000,2194750000,549675000,88450000,22250000,8070000,3620000,935000
2022-12-07,8791200000,2199750000,550925000,88650000,22300000,8088000,3628000,937000
2022-12-08,8791200000,2199750000,550925000,88650000,22300000,8088000,3628000,937000
2022-12-09,8851200000,2214750000,554675000,89250000,22450000,8142000,3652000,943000
2022-12-10,94912000,47495000,23787000,9565000,4810000,2906001,1954000,1007000
2022-12-11,94912000,47495000,23787000,9565000,4810000,2906001,1954000,1007000
2022-12-12,94712000,47395000,23737000,9545000,4800000,2900001,1950000,1005000
2022-12-13,94012000,47045000,23562000,9475000,4765000,2879001,1936000,998000
2022-12-14,95512000,47795000,23937000,9625000,4840000,2924001,1966000,1013000
2022-12-15,95512000,47795000,23937000,9625000,4840000,2924001,1966000,1013000
2022-12-16,94212000,47145000,23612000,9495000,4775000,2885001,1940000,1000000
2022-12-17,95012000,47545000,23812000,9575000,4815000,2909001,1956000,1008000
2022-12-18,95012000,47545000,23812000,9575000,4815000,2909001,1956000,1008000
2022-12-19,94912000,47495000,23787000,9565000,4810000,2906001,1954000,1007000
2022-12-20,94612000,47345000,23712000,9535000,4795000,2897001,1948000,1004000
2022-12-21,95812000,47945000,24012000,9655000,4855000,2933001,1972000,1016000
2022-12-22,95612000,47845000,23962000,9635000,4845000,2927001,1968000,1014000
2022-12-23,94612000,47345000,23712000,9535000,4795000,2897001,1948000,1004000
2022-12-24,94812000,47445000,23762000,9555000,4805000,2903001,1952000,1006000
2022-12-25,94812000,47445000,23762000,9555000,4805000,2903001,1952000,1006000
2022-12-26,94812000,47445000,23762000,9555000,4805000,2903001,1952000,1006000
2022-12-27,95012000,47545000,23812000,9575000,4815000,2909001,1956000,1008000
2022-12-28,95612000,47845000,23962000,9635000,4845000,2927001,1968000,1014000
2022-12-29,95412000,47745000,23912000,9615000,4835000,2921001,1964000,1012000
2022-12-30,96212000,48145000,24112000,9695000,4875000,2945001,1980000,1020000
2022-12-31,96812000,48445000,24262000,9755000,4905000,2963001,1992000,1026000
2023-01-01,96812000,48445000,24262000,9755000,4905000,2963001,1992000,1026000
2023-01-02,96812000,48445000,24262000,9755000,4905000,2963001,1992000,1026000
2023-01-03,96412000,48245000,24162000,9715000,4885000,2951001,1984000,1022000
2023-01-04,96612000,48345000,24212000,9735000,4895000,2957001,1988000,1024000
2023-01-05,97312000,48695000,24387000,9805000,4930000,2978001,2002000,1031000
2023-01-06,96412000,48245000,24162000,9715000,4885000,2951001,1984000,1022000
2023-01-07,97412000,48745000,24412000,9815000,4935000,2981001,2004000,1032000
2023-01-08,97412000,48745000,24412000,9815000,4935000,2981001,2004000,1032000
2023-01-09,97512000,48795000,24437000,9825000,4940000,2984001,2006000,1033000
2023-01-10,97712000,48895000,24487000,9845000,4950000,2990001,2010000,1035000
2023-01-11,97712000,48895000,24487000,9845000,4950000,2990001,2010000,1035000
2023-01-12,97712000,48895000,24487000,9845000,4950000,2990001,2010000,1035000
2023-01-13,98412000,49245000,24662000,9915000,4985000,3011001,2024000,1042000
2023-01-14,98512000,49295000,24687000,9925000,4990000,3014001,2026000,1043000
2023-01-15,98512000,49295000,24687000,9925000,4990000,3014001,2026000,1043000
2023-01-16,98412000,49245000,24662000,9915000,4985000,3011001,2024000,1042000
2023-01-17,97412000,48745000,24412000,9815000,4935000,2981001,2004000,1032000
2023-01-18,96412000,48245000,24162000,9715000,4885000,2951001,1984000,1022000
2023-01-19,97112000,48595000,24337000,9785000,4920000,2972001,1998000,1029000
2023-01-20,98112000,49095000,24587000,9885000,4970000,3002001,2018000,1039000
2023-01-21,97712000,48895000,24487000,9845000,4950000,2990001,2010000,1035000
2023-01-22,97712000,48895000,24487000,9845000,4950000,2990001,2010000,1035000
2023-01-23,97712000,48895000,24487000,9845000,4950000,2990001,2010000,1035000
2023-01-24,97912000,48995000,24537000,9865000,4960000,2996001,2014000,1037000
2023-01-25,98212000,49145000,24612000,9895000,4975000,3005001,2020000,1040000
2023-01-26,97712000,48895000,24487000,9845000,4950000,2990001,2010000,1035000
2023-01-27,97212000,48645000,24362000,9795000,4925000,2975001,2000000,1030000
2023-01-28,97112000,48595000,24337000,9785000,4920000,2972001,1998000,1029000
2023-01-29,97112000,48595000,24337000,9785000,4920000,2972001,1998000,1029000
2023-01-30,97112000,48595000,24337000,9785000,4920000,2972001,1998000,1029000
2023-01-31,96912000,48495000,24287000,9765000,4910000,2966001,1994000,1027000
2023-02-01,128012000,64045000,32062000,12875000,6465000,3899001,2616000,1338000
2023-02-02,128012000,64045000,32062000,12875000,6465000,3899001,2616000,1338000
2023-02-03,128012000,64045000,32062000,12875000,6465000,3899001,2616000,1338000
2023-02-04,128012000,64045000,32062000,12875000,6465000,3899001,2616000,1338000
2023-02-05,128012000,64045000,32062000,12875000,6465000,3899001,2616000,1338000
2023-02-06,128012000,64045000,32062000,12875000,6465000,3899001,2616000,1338000
2023-02-07,128012000,64045000,32062000,12875000,6465000,3899001,2616000,1338000
2023-02-08,128012000,64045000,32062000,12875000,6465000,3899001,2616000,1338000
2023-02-09,128012000,64045000,32062000,12875000,6465000,3899001,2616000,1338000
2023-02-10,89112000,44595000,22337000,8985000,4520000,2732001,1838000,949000
2023-02-11,88312000,44195000,22137000,8905000,4480000,2708001,1822000,941000
2023-02-12,88312000,44195000,22137000,8905000,4480000,2708001,1822000,941000
2023-02-13,88712000,44395000,22237000,8945000,4500000,2720001,1830000,945000
2023-02-14,88212000,44145000,22112000,8895000,4475000,2705001,1820000,940000
2023-02-15,87712000,43895000,21987000,8845000,4450000,2690001,1810000,935000
2023-02-16,87712000,43895000,21987000,8845000,4450000,2690001,1810000,935000
2023-02-17,87712000,43895000,21987000,8845000,4450000,2690001,1810000,935000
2023-02-18,88212000,44145000,22112000,8895000,4475000,2705001,1820000,940000
2023-02-19,88212000,44145000,22112000,8895000,4475000,2705001,1820000,940000
2023-02-20,87512000,43795000,21937000,8825000,4440000,2684001,1806000,933000
2023-02-21,87812000,43945000,22012000,8855000,4455000,2693001,1812000,936000
2023-02-22,88712000,44395000,22237000,8945000,4500000,2720001,1830000,945000
2023-02-23,88712000,44395000,22237000,8945000,4500000,2720001,1830000,945000
2023-02-24,88812000,44445000,22262000,8955000,4505000,2723001,1832000,946000
2023-02-25,88512000,44295000,22187000,8925000,4490000,2714001,1826000,943000
2023-02-26,88512000,44295000,22187000,8925000,4490000,2714001,1826000,943000
2023-02-27,89012000,44545000,22312000,8975000,4515000,2729001,1836000,948000
2023-02-28,88612000,44345000,22212000,8935000,4495000,2717001,1828000,944000
2023-03-01,96312000,48195000,24137000,9705000,4880000,2948001,1982000,1021000
2023-03-02,96612000,48345000,24212000,9735000,4895000,2957001,1988000,1024000
2023-03-03,96712000,48395000,24237000,9745000,4900000,2960001,1990000,1025000
2023-03-04,96712000,48395000,24237000,9745000,4900000,2960001,1990000,1025000
2023-03-05,96712000,48395000,24237000,9745000,4900000,2960001,1990000,1025000
2023-03-06,97512000,48795000,24437000,9825000,4940000,2984001,2006000,1033000
2023-03-07,97412000,48745000,24412000,9815000,4935000,2981001,2004000,1032000
2023-03-08,96212000,48145000,24112000,9695000,4875000,2945001,1980000,1020000
2023-03-09,96612000,48345000,24212000,9735000,4895000,2957001,1988000,1024000
2023-03-10,97612000,48845000,24462000,9835000,4945000,2987001,2008000,1034000
2023-03-11,99112000,49595000,24837000,9985000,5020000,3032001,2038000,1049000
2023-03-12,99112000,49595000,24837000,9985000,5020000,3032001,2038000,1049000
2023-03-13,99612000,49845000,24962000,10035000,5045000,3047001,2048000,1054000
2023-03-14,100612000,50345000,25212000,10135000,5095000,3077001,2068000,1064000
2023-03-15,99612000,49845000,24962000,10035000,5045000,3047001,2048000,1054000
2023-03-16,100612000,50345000,25212000,10135000,5095000,3077001,2068000,1064000
2023-03-17,100512000,50295000,25187000,10125000,5090000,3074001,2066000,1063000
2023-03-18,103012000,51545000,25812000,10375000,5215000,3149001,2116000,1088000
2023-03-19,103012000,51545000,25812000,10375000,5215000,3149001,2116000,1088000
2023-03-20,102712000,51395000,25737000,10345000,5200000,3140001,2110000,1085000
2023-03-21,102612000,51345000,25712000,10335000,5195000,3137001,2108000,1084000
2023-03-22,101612000,50845000,25462000,10235000,5145000,3107001,2088000,1074000
2023-03-23,102912000,51495000,25787000,10365000,5210000,3146001,2114000,1087000
2023-03-24,103812000,51945000,26012000,10455000,5255000,3173001,2132000,1096000
2023-03-25,103112000,51595000,25837000,10385000,5220000,3152001,2118000,1089000
2023-03-26,103112000,51595000,25837000,10385000,5220000,3152001,2118000,1089000
2023-03-27,102912000,51495000,25787000,10365000,5210000,3146001,2114000,1087000
2023-03-28,101912000,50995000,25537000,10265000,5160000,3116001,2094000,1077000
2023-03-29,102412000,51245000,25662000,10315000,5185000,3131001,2104000,1082000
2023-03-30,101412000,50745000,25412000,10215000,5135000,3101001,2084000,1072000
2023-03-31,102012000,51045000,25562000,10275000,5165000,3119001,2096000,1078000
2023-04-01,101412000,50745000,25412000,10215000,5135000,3101001,2084000,1072000
2023-04-02,101412000,50745000,25412000,10215000,5135000,3101001,2084000,1072000
2023-04-03,101012000,50545000,25312000,10175000,5115000,3089001,2076000,1068000
2023-04-04,101512000,50795000,25437000,10225000,5140000,3104001,2086000,1073000
2023-04-05,102512000,51295000,25687000,10325000,5190000,3134001,2106000,1083000
2023-04-06,102012000,51045000,25562000,10275000,5165000,3119001,2096000,1078000
2023-04-07,101612000,50845000,25462000,10235000,5145000,3107001,2088000,1074000
2023-04-08,101612000,50845000,25462000,10235000,5145000,3107001,2088000,1074000
2023-04-09,101612000,50845000,25462000,10235000,5145000,3107001,2088000,1074000
2023-04-10,101412000,50745000,25412000,10215000,5135000,3101001,2084000,1072000
2023-04-11,101112000,50595000,25337000,10185000,5120000,3092001,2078000,1069000
2023-04-12,101312000,50695000,25387000,10205000,5130000,3098001,2082000,1071000
2023-04-13,101712000,50895000,25487000,10245000,5150000,3110001,2090000,1075000
2023-04-14,102612000,51345000,25712000,10335000,5195000,3137001,2108000,1084000
2023-04-15,100912000,50495000,25287000,10165000,5110000,3086001,2074000,1067000
2023-04-16,100912000,50495000,25287000,10165000,5110000,3086001,2074000,1067000
2023-04-17,100812000,50445000,25262000,10155000,5105000,3083001,2072000,1066000
2023-04-18,100412000,50245000,25162000,10115000,5085000,3071001,2064000,1062000
2023-04-19,100412000,50245000,25162000,10115000,5085000,3071001,2064000,1062000
2023-04-20,100412000,50245000,25162000,10115000,5085000,3071001,2064000,1062000
2023-04-21,100412000,50245000,25162000,10115000,5085000,3071001,2064000,1062000
2023-04-22,100412000,50245000,25162000,10115000,5085000,3071001,2064000,1062000
2023-04-23,100412000,50245000,25162000,10115000,5085000,3071001,2064000,1062000
2023-04-24,100412000,50245000,25162000,10115000,5085000,3071001,2064000,1062000
2023-04-25,100412000,50245000,25162000,10115000,5085000,3071001,2064000,1062000
2023-04-26,100412000,50245000,25162000,10115000,5085000,3071001,2064000,1062000
2023-04-27,100412000,50245000,25162000,10115000,5085000,3071001,2064000,1062000
2023-04-28,100412000,50245000,25162000,10115000,5085000,3071001,2064000,1062000
2023-04-29,99812000,49945000,25012000,10055000,5055000,3053001,2052000,1056000
2023-04-30,99812000,49945000,25012000,10055000,5055000,3053001,2052000,1056000
2023-05-01,99612000,49845000,24962000,10035000,5045000,3047001,2048000,1054000
2023-05-02,99512000,49795000,24937000,10025000,5040000,3044001,2046000,1053000
2023-05-03,100412000,50245000,25162000,10115000,5085000,3071001,2064000,1062000
2023-05-04,101912000,50995000,25537000,10265000,5160000,3116001,2094000,1077000
2023-05-05,101612000,50845000,25462000,10235000,5145000,3107001,2088000,1074000
2023-05-06,100112000,50095000,25087000,10085000,5070000,3062001,2058000,1059000
2023-05-07,100112000,50095000,25087000,10085000,5070000,3062001,2058000,1059000
2023-05-08,100112000,50095000,25087000,10085000,5070000,3062001,2058000,1059000
2023-05-09,100512000,50295000,25187000,10125000,5090000,3074001,2066000,1063000
2023-05-10,101412000,50745000,25412000,10215000,5135000,3101001,2084000,1072000
2023-05-11,101412000,50745000,25412000,10215000,5135000,3101001,2084000,1072000
2023-05-12,100612000,50345000,25212000,10135000,5095000,3077001,2068000,1064000
2023-05-13,100212000,50145000,25112000,10095000,5075000,3065001,2060000,1060000
2023-05-14,100212000,50145000,25112000,10095000,5075000,3065001,2060000,1060000
2023-05-15,100212000,50145000,25112000,10095000,5075000,3065001,2060000,1060000
2023-05-16,100612000,50345000,25212000,10135000,5095000,3077001,2068000,1064000
2023-05-17,99912000,49995000,25037000,10065000,5060000,3056001,2054000,1057000
2023-05-18,99712000,49895000,24987000,10045000,5050000,3050001,2050000,1055000
2023-05-19,98712000,49395000,24737000,9945000,5000000,3020001,2030000,1045000
2023-05-20,99812000,49945000,25012000,10055000,5055000,3053001,2052000,1056000
2023-05-21,99812000,49945000,25012000,10055000,5055000,3053001,2052000,1056000
2023-05-22,99812000,49945000,25012000,10055000,5055000,3053001,2052000,1056000
2023-05-23,99812000,49945000,25012000,10055000,5055000,3053001,2052000,1056000
2023-05-24,99812000,49945000,25012000,10055000,5055000,3053001,2052000,1056000
2023-05-25,99012000,49545000,24812000,9975000,5015000,3029001,2036000,1048000
2023-05-26,98512000,49295000,24687000,9925000,4990000,3014001,2026000,1043000
2023-05-27,99012000,49545000,24812000,9975000,5015000,3029001,2036000,1048000
2023-05-28,99012000,49545000,24812000,9975000,5015000,3029001,2036000,1048000
2023-05-29,98912000,49495000,24787000,9965000,5010000,3026001,2034000,1047000
2023-05-30,99012000,49545000,24812000,9975000,5015000,3029001,2036000,1048000
2023-05-31,99812000,49945000,25012000,10055000,5055000,3053001,2052000,1056000
2023-06-01,100212000,50145000,25112000,10095000,5075000,3065001,2060000,1060000
2023-06-02,100712000,50395000,25237000,10145000,5100000,3080001,2070000,1065000
2023-06-03,99912000,49995000,25037000,10065000,5060000,3056001,2054000,1057000
2023-06-04,99912000,49995000,25037000,10065000,5060000,3056001,2054000,1057000
2023-06-05,99912000,49995000,25037000,10065000,5060000,3056001,2054000,1057000
2023-06-06,100712000,50395000,25237000,10145000,5100000,3080001,2070000,1065000
2023-06-07,100212000,50145000,25112000,10095000,5075000,3065001,2060000,1060000
2023-06-08,99412000,49745000,24912000,10015000,5035000,3041001,2044000,1052000
2023-06-09,100412000,50245000,25162000,10115000,5085000,3071001,2064000,1062000
2023-06-10,100412000,50245000,25162000,10115000,5085000,3071001,2064000,1062000
2023-06-11,100412000,50245000,25162000,10115000,5085000,3071001,2064000,1062000
2023-06-12,100412000,50245000,25162000,10115000,5085000,3071001,2064000,1062000
2023-06-13,100112000,50095000,25087000,10085000,5070000,3062001,2058000,1059000
2023-06-14,99512000,49795000,24937000,10025000,5040000,3044001,2046000,1053000
2023-06-15,99412000,49745000,24912000,10015000,5035000,3041001,2044000,1052000
2023-06-16,100312000,50195000,25137000,10105000,5080000,3068001,2062000,1061000
2023-06-17,100512000,50295000,25187000,10125000,5090000,3074001,2066000,1063000
2023-06-18,100512000,50295000,25187000,10125000,5090000,3074001,2066000,1063000
2023-06-19,100512000,50295000,25187000,10125000,5090000,3074001,2066000,1063000
2023-06-20,100312000,50195000,25137000,10105000,5080000,3068001,2062000,1061000
2023-06-21,99912000,49995000,25037000,10065000,5060000,3056001,2054000,1057000
2023-06-22,100012000,50045000,25062000,10075000,5065000,3059001,2056000,1058000
2023-06-23,99012000,49545000,24812000,9975000,5015000,3029001,2036000,1048000
2023-06-24,98912000,49495000,24787000,9965000,5010000,3026001,2034000,1047000
2023-06-25,98912000,49495000,24787000,9965000,5010000,3026001,2034000,1047000
2023-06-26,99212000,49645000,24862000,9995000,5025000,3035001,2040000,1050000
2023-06-27,99512000,49795000,24937000,10025000,5040000,3044001,2046000,1053000
2023-06-28,99412000,49745000,24912000,10015000,5035000,3041001,2044000,1052000
2023-06-29,99112000,49595000,24837000,9985000,5020000,3032001,2038000,1049000
2023-06-30,99112000,49595000,24837000,9985000,5020000,3032001,2038000,1049000
2023-07-01,99112000,49595000,24837000,9985000,5020000,3032001,2038000,1049000
2023-07-02,99112000,49595000,24837000,9985000,5020000,3032001,2038000,1049000
2023-07-03,99612000,49845000,24962000,10035000,5045000,3047001,2048000,1054000
2023-07-04,99612000,49845000,24962000,10035000,5045000,3047001,2048000,1054000
2023-07-05,100012000,50045000,25062000,10075000,5065000,3059001,2056000,1058000
2023-07-06,99512000,49795000,24937000,10025000,5040000,3044001,2046000,1053000
2023-07-07,99212000,49645000,24862000,9995000,5025000,3035001,2040000,1050000
2023-07-08,100112000,50095000,25087000,10085000,5070000,3062001,2058000,1059000
2023-07-09,100112000,50095000,25087000,10085000,5070000,3062001,2058000,1059000
2023-07-10,100112000,50095000,25087000,10085000,5070000,3062001,2058000,1059000
2023-07-11,100612000,50345000,25212000,10135000,5095000,3077001,2068000,1064000
2023-07-12,101312000,50695000,25387000,10205000,5130000,3098001,2082000,1071000
2023-07-13,102412000,51245000,25662000,10315000,5185000,3131001,2104000,1082000
2023-07-14,102212000,51145000,25612000,10295000,5175000,3125001,2100000,1080000
2023-07-15,101612000,50845000,25462000,10235000,5145000,3107001,2088000,1074000
2023-07-16,101612000,50845000,25462000,10235000,5145000,3107001,2088000,1074000
2023-07-17,101512000,50795000,25437000,10225000,5140000,3104001,2086000,1073000
2023-07-18,101412000,50745000,25412000,10215000,5135000,3101001,2084000,1072000
2023-07-19,102212000,51145000,25612000,10295000,5175000,3125001,2100000,1080000
2023-07-20,102212000,51145000,25612000,10295000,5175000,3125001,2100000,1080000
2023-07-21,101912000,50995000,25537000,10265000,5160000,3116001,2094000,1077000
2023-07-22,101412000,50745000,25412000,10215000,5135000,3101001,2084000,1072000
2023-07-23,101412000,50745000,25412000,10215000,5135000,3101001,2084000,1072000
2023-07-24,101412000,50745000,25412000,10215000,5135000,3101001,2084000,1072000
2023-07-25,101312000,50695000,25387000,10205000,5130000,3098001,2082000,1071000
2023-07-26,101712000,50895000,25487000,10245000,5150000,3110001,2090000,1075000
2023-07-27,101812000,50945000,25512000,10255000,5155000,3113001,2092000,1076000
2023-07-28,101012000,50545000,25312000,10175000,5115000,3089001,2076000,1068000
2023-07-29,101312000,50695000,25387000,10205000,5130000,3098001,2082000,1071000
2023-07-30,101312000,50695000,25387000,10205000,5130000,3098001,2082000,1071000
2023-07-31,101312000,50695000,25387000,10205000,5130000,3098001,2082000,1071000
2023-08-01,102012000,51045000,25562000,10275000,5165000,3119001,2096000,1078000
2023-08-02,101312000,50695000,25387000,10205000,5130000,3098001,2082000,1071000
2023-08-03,100912000,50495000,25287000,10165000,5110000,3086001,2074000,1067000
2023-08-04,101112000,50595000,25337000,10185000,5120000,3092001,2078000,1069000
2023-08-05,101612000,50845000,25462000,10235000,5145000,3107001,2088000,1074000
2023-08-06,101612000,50845000,25462000,10235000,5145000,3107001,2088000,1074000
2023-08-07,101612000,50845000,25462000,10235000,5145000,3107001,2088000,1074000
2023-08-08,101212000,50645000,25362000,10195000,5125000,3095001,2080000,1070000
2023-08-09,100812000,50445000,25262000,10155000,5105000,3083001,2072000,1066000
2023-08-10,100612000,50345000,25212000,10135000,5095000,3077001,2068000,1064000
2023-08-11,100412000,50245000,25162000,10115000,5085000,3071001,2064000,1062000
2023-08-12,100412000,50245000,25162000,10115000,5085000,3071001,2064000,1062000
2023-08-13,100412000,50245000,25162000,10115000,5085000,3071001,2064000,1062000
2023-08-14,100312000,50195000,25137000,10105000,5080000,3068001,2062000,1061000
2023-08-15,100212000,50145000,25112000,10095000,5075000,3065001,2060000,1060000
2023-08-16,100512000,50295000,25187000,10125000,5090000,3074001,2066000,1063000
2023-08-17,100212000,50145000,25112000,10095000,5075000,3065001,2060000,1060000
2023-08-18,100212000,50145000,25112000,10095000,5075000,3065001,2060000,1060000
2023-08-19,99912000,49995000,25037000,10065000,5060000,3056001,2054000,1057000
2023-08-20,99912000,49995000,25037000,10065000,5060000,3056001,2054000,1057000
2023-08-21,99912000,49995000,25037000,10065000,5060000,3056001,2054000,1057000
2023-08-22,100012000,50045000,25062000,10075000,5065000,3059001,2056000,1058000
2023-08-23,100412000,50245000,25162000,10115000,5085000,3071001,2064000,1062000
2023-08-24,101112000,50595000,25337000,10185000,5120000,3092001,2078000,1069000
2023-08-25,101112000,50595000,25337000,10185000,5120000,3092001,2078000,1069000
2023-08-26,100712000,50395000,25237000,10145000,5100000,3080001,2070000,1065000
2023-08-27,100712000,50395000,25237000,10145000,5100000,3080001,2070000,1065000
2023-08-28,100712000,50395000,25237000,10145000,5100000,3080001,2070000,1065000
2023-08-29,101212000,50645000,25362000,10195000,5125000,3095001,2080000,1070000
2023-08-30,101912000,50995000,25537000,10265000,5160000,3116001,2094000,1077000
2023-08-31,102112000,51095000,25587000,10285000,5170000,3122001,2098000,1079000
2023-09-01,101812000,50945000,25512000,10255000,5155000,3113001,2092000,1076000
2023-09-02,101812000,50945000,25512000,10255000,5155000,3113001,2092000,1076000
2023-09-03,101812000,50945000,25512000,10255000,5155000,3113001,2092000,1076000
2023-09-04,101812000,50945000,25512000,10255000,5155000,3113001,2092000,1076000
2023-09-05,101712000,50895000,25487000,10245000,5150000,3110001,2090000,1075000
2023-09-06,101112000,50595000,25337000,10185000,5120000,3092001,2078000,1069000
2023-09-07,100612000,50345000,25212000,10135000,5095000,3077001,2068000,1064000
2023-09-08,101012000,50545000,25312000,10175000,5115000,3089001,2076000,1068000
2023-09-09,101112000,50595000,25337000,10185000,5120000,3092001,2078000,1069000
2023-09-10,101112000,50595000,25337000,10185000,5120000,3092001,2078000,1069000
2023-09-11,101212000,50645000,25362000,10195000,5125000,3095001,2080000,1070000
2023-09-12,101312000,50695000,25387000,10205000,5130000,3098001,2082000,1071000
2023-09-13,101012000,50545000,25312000,10175000,5115000,3089001,2076000,1068000
2023-09-14,100812000,50445000,25262000,10155000,5105000,3083001,2072000,1066000
2023-09-15,101012000,50545000,25312000,10175000,5115000,3089001,2076000,1068000
2023-09-16,101712000,50895000,25487000,10245000,5150000,3110001,2090000,1075000
2023-09-17,101712000,50895000,25487000,10245000,5150000,3110001,2090000,1075000
2023-09-18,101712000,50895000,25487000,10245000,5150000,3110001,2090000,1075000
2023-09-19,102312000,51195000,25637000,10305000,5180000,3128001,2102000,1081000
2023-09-20,102212000,51145000,25612000,10295000,5175000,3125001,2100000,1080000
2023-09-21,102212000,51145000,25612000,10295000,5175000,3125001,2100000,1080000
2023-09-22,101912000,50995000,25537000,10265000,5160000,3116001,2094000,1077000
2023-09-23,102112000,51095000,25587000,10285000,5170000,3122001,2098000,1079000
2023-09-24,102112000,51095000,25587000,10285000,5170000,3122001,2098000,1079000
2023-09-25,102012000,51045000,25562000,10275000,5165000,3119001,2096000,1078000
2023-09-26,101412000,50745000,25412000,10215000,5135000,3101001,2084000,1072000
2023-09-27,100812000,50445000,25262000,10155000,5105000,3083001,2072000,1066000
2023-09-28,100012000,50045000,25062000,10075000,5065000,3059001,2056000,1058000
2023-09-29,99512000,49795000,24937000,10025000,5040000,3044001,2046000,1053000
2023-09-30,99112000,49595000,24837000,9985000,5020000,3032001,2038000,1049000
2023-10-01,93312000,46695000,23387000,9405000,4730000,2858001,1922000,991000
2023-10-02,94612000,47345000,23712000,9535000,4795000,2897001,1948000,1004000
2023-10-03,94012000,47045000,23562000,9475000,4765000,2879001,1936000,998000
2023-10-04,94012000,47045000,23562000,9475000,4765000,2879001,1936000,998000
2023-10-05,94112000,47095000,23587000,9485000,4770000,2882001,1938000,999000
2023-10-06,92612000,46345000,23212000,9335000,4695000,2837001,1908000,984000
2023-10-07,92612000,46345000,23212000,9335000,4695000,2837001,1908000,984000
2023-10-08,94112000,47095000,23587000,9485000,4770000,2882001,1938000,999000
2023-10-09,94512000,47295000,23687000,9525000,4790000,2894001,1946000,1003000
2023-10-10,100412000,50245000,25162000,10115000,5085000,3071001,2064000,1062000
2023-10-11,100512000,50295000,25187000,10125000,5090000,3074001,2066000,1063000
2023-10-12,101412000,50745000,25412000,10215000,5135000,3101001,2084000,1072000
2023-10-13,101412000,50745000,25412000,10215000,5135000,3101001,2084000,1072000
2023-10-14,103012000,51545000,25812000,10375000,5215000,3149001,2116000,1088000
2023-10-15,103012000,51545000,25812000,10375000,5215000,3149001,2116000,1088000
2023-10-16,102912000,51495000,25787000,10365000,5210000,3146001,2114000,1087000
2023-10-17,102712000,51395000,25737000,10345000,5200000,3140001,2110000,1085000
2023-10-18,103012000,51545000,25812000,10375000,5215000,3149001,2116000,1088000
2023-10-19,104212000,52145000,26112000,10495000,5275000,3185001,2140000,1100000
2023-10-20,105412000,52745000,26412000,10615000,5335000,3221001,2164000,1112000
2023-10-21,106312000,53195000,26637000,10705000,5380000,3248001,2182000,1121000
2023-10-22,106312000,53195000,26637000,10705000,5380000,3248001,2182000,1121000
2023-10-23,105912000,52995000,26537000,10665000,5360000,3236001,2174000,1117000
2023-10-24,106112000,53095000,26587000,10685000,5370000,3242001,2178000,1119000
2023-10-25,106512000,53295000,26687000,10725000,5390000,3254001,2186000,1123000
2023-10-26,106712000,53395000,26737000,10745000,5400000,3260001,2190000,1125000
2023-10-27,106512000,53295000,26687000,10725000,5390000,3254001,2186000,1123000
2023-10-28,107812000,53945000,27012000,10855000,5455000,3293001,2212000,1136000
2023-10-29,107812000,53945000,27012000,10855000,5455000,3293001,2212000,1136000
2023-10-30,107712000,53895000,26987000,10845000,5450000,3290001,2210000,1135000
2023-10-31,107312000,53695000,26887000,10805000,5430000,3278001,2202000,1131000
2023-11-01,96812000,48445000,24262000,9755000,4905000,2963001,1992000,1026000
2023-11-02,96812000,48445000,24262000,9755000,4905000,2963001,1992000,1026000
2023-11-03,96412000,48245000,24162000,9715000,4885000,2951001,1984000,1022000
2023-11-04,96612000,48345000,24212000,9735000,4895000,2957001,1988000,1024000
2023-11-05,97312000,48695000,24387000,9805000,4930000,2978001,2002000,1031000
2023-11-06,96412000,48245000,24162000,9715000,4885000,2951001,1984000,1022000
2023-11-07,97412000,48745000,24412000,9815000,4935000,2981001,2004000,1032000
2023-11-08,97412000,48745000,24412000,9815000,4935000,2981001,2004000,1032000
2023-11-09,97512000,48795000,24437000,9825000,4940000,2984001,2006000,1033000
2023-11-10,103412000,51745000,25912000,10415000,5235000,3161001,2124000,1092000
2023-11-11,102612000,51345000,25712000,10335000,5195000,3137001,2108000,1084000
2023-11-12,102612000,51345000,25712000,10335000,5195000,3137001,2108000,1084000
2023-11-13,102612000,51345000,25712000,10335000,5195000,3137001,2108000,1084000
2023-11-14,103112000,51595000,25837000,10385000,5220000,3152001,2118000,1089000
2023-11-15,103912000,51995000,26037000,10465000,5260000,3176001,2134000,1097000
2023-11-16,103812000,51945000,26012000,10455000,5255000,3173001,2132000,1096000
2023-11-17,103712000,51895000,25987000,10445000,5250000,3170001,2130000,1095000
2023-11-18,104212000,52145000,26112000,10495000,5275000,3185001,2140000,1100000
2023-11-19,104212000,52145000,26112000,10495000,5275000,3185001,2140000,1100000
2023-11-20,103912000,51995000,26037000,10465000,5260000,3176001,2134000,1097000
2023-11-21,103712000,51895000,25987000,10445000,5250000,3170001,2130000,1095000
2023-11-22,103912000,51995000,26037000,10465000,5260000,3176001,2134000,1097000
2023-11-23,103712000,51895000,25987000,10445000,5250000,3170001,2130000,1095000
2023-11-24,104712000,52395000,26237000,10545000,5300000,3200001,2150000,1105000
2023-11-25,105212000,52645000,26362000,10595000,5325000,3215001,2160000,1110000
2023-11-26,105212000,52645000,26362000,10595000,5325000,3215001,2160000,1110000
2023-11-27,105212000,52645000,26362000,10595000,5325000,3215001,2160000,1110000
2023-11-28,105712000,52895000,26487000,10645000,5350000,3230001,2170000,1115000
2023-11-29,106612000,53345000,26712000,10735000,5395000,3257001,2188000,1124000
2023-11-30,106212000,53145000,26612000,10695000,5375000,3245001,2180000,1120000
2023-12-01,97112000,48595000,24337000,9785000,4920000,2972001,1998000,1029000
2023-12-02,98412000,49245000,24662000,9915000,4985000,3011001,2024000,1042000
2023-12-03,97112000,48595000,24337000,9785000,4920000,2972001,1998000,1029000
2023-12-04,95612000,47845000,23962000,9635000,4845000,2927001,1968000,1014000
2023-12-05,95612000,47845000,23962000,9635000,4845000,2927001,1968000,1014000
2023-12-06,95612000,47845000,23962000,9635000,4845000,2927001,1968000,1014000
2023-12-07,95912000,47995000,24037000,9665000,4860000,2936001,1974000,1017000
2023-12-08,97012000,48545000,24312000,9775000,4915000,2969001,1996000,1028000
2023-12-09,97512000,48795000,24437000,9825000,4940000,2984001,2006000,1033000
2023-12-10,104912000,52495000,26287000,10565000,5310000,3206001,2154000,1107000
2023-12-11,104912000,52495000,26287000,10565000,5310000,3206001,2154000,1107000
2023-12-12,103512000,51795000,25937000,10425000,5240000,3164001,2126000,1093000
2023-12-13,104212000,52145000,26112000,10495000,5275000,3185001,2140000,1100000
2023-12-14,106712000,53395000,26737000,10745000,5400000,3260001,2190000,1125000
2023-12-15,106812000,53445000,26762000,10755000,5405000,3263001,2192000,1126000
2023-12-16,105612000,52845000,26462000,10635000,5345000,3227001,2168000,1114000
2023-12-17,105612000,52845000,26462000,10635000,5345000,3227001,2168000,1114000
2023-12-18,105612000,52845000,26462000,10635000,5345000,3227001,2168000,1114000
2023-12-19,106012000,53045000,26562000,10675000,5365000,3239001,2176000,1118000
2023-12-20,106712000,53395000,26737000,10745000,5400000,3260001,2190000,1125000
2023-12-21,106312000,53195000,26637000,10705000,5380000,3248001,2182000,1121000
2023-12-22,107012000,53545000,26812000,10775000,5415000,3269001,2196000,1128000
2023-12-23,107412000,53745000,26912000,10815000,5435000,3281001,2204000,1132000
2023-12-24,107412000,53745000,26912000,10815000,5435000,3281001,2204000,1132000
2023-12-25,107412000,53745000,26912000,10815000,5435000,3281001,2204000,1132000
2023-12-26,107412000,53745000,26912000,10815000,5435000,3281001,2204000,1132000
2023-12-27,107912000,53995000,27037000,10865000,5460000,3296001,2214000,1137000
2023-12-28,108312000,54195000,27137000,10905000,5480000,3308001,2222000,1141000
2023-12-29,107212000,53645000,26862000,10795000,5425000,3275001,2200000,1130000
2023-12-30,107212000,53645000,26862000,10795000,5425000,3275001,2200000,1130000
2023-12-31,107212000,53645000,26862000,10795000,5425000,3275001,2200000,1130000
2024-01-01,107212000,53645000,26862000,10795000,5425000,3275001,2200000,1130000
2024-01-02,107112000,53595000,26837000,10785000,5420000,3272001,2198000,1129000
2024-01-03,107112000,53595000,26837000,10785000,5420000,3272001,2198000,1129000
2024-01-04,106512000,53295000,26687000,10725000,5390000,3254001,2186000,1123000
2024-01-05,106712000,53395000,26737000,10745000,5400000,3260001,2190000,1125000
2024-01-06,107012000,53545000,26812000,10775000,5415000,3269001,2196000,1128000
2024-01-07,107012000,53545000,26812000,10775000,5415000,3269001,2196000,1128000
2024-01-08,107012000,53545000,26812000,10775000,5415000,3269001,2196000,1128000
2024-01-09,106312000,53195000,26637000,10705000,5380000,3248001,2182000,1121000
2024-01-10,106312000,53195000,26637000,10705000,5380000,3248001,2182000,1121000
2024-01-11,106112000,53095000,26587000,10685000,5370000,3242001,2178000,1119000
2024-01-12,106612000,53345000,26712000,10735000,5395000,3257001,2188000,1124000
2024-01-13,107312000,53695000,26887000,10805000,5430000,3278001,2202000,1131000
2024-01-14,107312000,53695000,26887000,10805000,5430000,3278001,2202000,1131000
2024-01-15,107212000,53645000,26862000,10795000,5425000,3275001,2200000,1130000
2024-01-16,107612000,53845000,26962000,10835000,5445000,3287001,2208000,1134000
2024-01-17,106312000,53195000,26637000,10705000,5380000,3248001,2182000,1121000
2024-01-18,105712000,52895000,26487000,10645000,5350000,3230001,2170000,1115000
2024-01-19,106712000,53395000,26737000,10745000,5400000,3260001,2190000,1125000
2024-01-20,107012000,53545000,26812000,10775000,5415000,3269001,2196000,1128000
2024-01-21,107012000,53545000,26812000,10775000,5415000,3269001,2196000,1128000
2024-01-22,106912000,53495000,26787000,10765000,5410000,3266001,2194000,1127000
2024-01-23,106712000,53395000,26737000,10745000,5400000,3260001,2190000,1125000
2024-01-24,107012000,53545000,26812000,10775000,5415000,3269001,2196000,1128000
2024-01-25,106612000,53345000,26712000,10735000,5395000,3257001,2188000,1124000
2024-01-26,107212000,53645000,26862000,10795000,5425000,3275001,2200000,1130000
2024-01-27,107412000,53745000,26912000,10815000,5435000,3281001,2204000,1132000
2024-01-28,107412000,53745000,26912000,10815000,5435000,3281001,2204000,1132000
2024-01-29,107512000,53795000,26937000,10825000,5440000,3284001,2206000,1133000
2024-01-30,108412000,54245000,27162000,10915000,5485000,3311001,2224000,1142000
2024-01-31,108612000,54345000,27212000,10935000,5495000,3317001,2228000,1144000
2024-02-01,128012000,64045000,32062000,12875000,6465000,3899001,2616000,1338000
2024-02-02,128012000,64045000,32062000,12875000,6465000,3899001,2616000,1338000
2024-02-03,128012000,64045000,32062000,12875000,6465000,3899001,2616000,1338000
2024-02-04,128012000,64045000,32062000,12875000,6465000,3899001,2616000,1338000
2024-02-05,128012000,64045000,32062000,12875000,6465000,3899001,2616000,1338000
2024-02-06,128012000,64045000,32062000,12875000,6465000,3899001,2616000,1338000
2024-02-07,128012000,64045000,32062000,12875000,6465000,3899001,2616000,1338000
2024-02-08,128012000,64045000,32062000,12875000,6465000,3899001,2616000,1338000
2024-02-09,128012000,64045000,32062000,12875000,6465000,3899001,2616000,1338000
2024-02-10,100412000,50245000,25162000,10115000,5085000,3071001,2064000,1062000
2024-02-11,100512000,50295000,25187000,10125000,5090000,3074001,2066000,1063000
2024-02-12,101412000,50745000,25412000,10215000,5135000,3101001,2084000,1072000
2024-02-13,101412000,50745000,25412000,10215000,5135000,3101001,2084000,1072000
2024-02-14,103012000,51545000,25812000,10375000,5215000,3149001,2116000,1088000
2024-02-15,103012000,51545000,25812000,10375000,5215000,3149001,2116000,1088000
2024-02-16,102912000,51495000,25787000,10365000,5210000,3146001,2114000,1087000
2024-02-17,102712000,51395000,25737000,10345000,5200000,3140001,2110000,1085000
2024-02-18,103012000,51545000,25812000,10375000,5215000,3149001,2116000,1088000
2024-02-19,104212000,52145000,26112000,10495000,5275000,3185001,2140000,1100000
2024-02-20,105412000,52745000,26412000,10615000,5335000,3221001,2164000,1112000
2024-02-21,106312000,53195000,26637000,10705000,5380000,3248001,2182000,1121000
2024-02-22,106312000,53195000,26637000,10705000,5380000,3248001,2182000,1121000
2024-02-23,105912000,52995000,26537000,10665000,5360000,3236001,2174000,1117000
2024-02-24,106112000,53095000,26587000,10685000,5370000,3242001,2178000,1119000
2024-02-25,106512000,53295000,26687000,10725000,5390000,3254001,2186000,1123000
2024-02-26,106712000,53395000,26737000,10745000,5400000,3260001,2190000,1125000
2024-02-27,106512000,53295000,26687000,10725000,5390000,3254001,2186000,1123000
2024-02-28,107812000,53945000,27012000,10855000,5455000,3293001,2212000,1136000
2024-02-29,107812000,53945000,27012000,10855000,5455000,3293001,2212000,1136000
2024-03-01,108412000,54245000,27162000,10915000,5485000,3311001,2224000,1142000
2024-03-02,110612000,55345000,27712000,11135000,5595000,3377001,2268000,1164000
2024-03-03,110612000,55345000,27712000,11135000,5595000,3377001,2268000,1164000
2024-03-04,110612000,55345000,27712000,11135000,5595000,3377001,2268000,1164000
2024-03-05,112112000,56095000,28087000,11285000,5670000,3422001,2298000,1179000
2024-03-06,112812000,56445000,28262000,11355000,5705000,3443001,2312000,1186000
2024-03-07,114112000,57095000,28587000,11485000,5770000,3482001,2338000,1199000
2024-03-08,114612000,57345000,28712000,11535000,5795000,3497001,2348000,1204000
2024-03-09,115012000,57545000,28812000,11575000,5815000,3509001,2356000,1208000
2024-03-10,115012000,57545000,28812000,11575000,5815000,3509001,2356000,1208000
2024-03-11,115012000,57545000,28812000,11575000,5815000,3509001,2356000,1208000
2024-03-12,115212000,57645000,28862000,11595000,5825000,3515001,2360000,1210000
2024-03-13,114212000,57145000,28612000,11495000,5775000,3485001,2340000,1200000
2024-03-14,114512000,57295000,28687000,11525000,5790000,3494001,2346000,1203000
2024-03-15,113612000,56845000,28462000,11435000,5745000,3467001,2328000,1194000
2024-03-16,113512000,56795000,28437000,11425000,5740000,3464001,2326000,1193000
2024-03-17,113512000,56795000,28437000,11425000,5740000,3464001,2326000,1193000
2024-03-18,113512000,56795000,28437000,11425000,5740000,3464001,2326000,1193000
2024-03-19,114112000,57095000,28587000,11485000,5770000,3482001,2338000,1199000
2024-03-20,114112000,57095000,28587000,11485000,5770000,3482001,2338000,1199000
2024-03-21,116112000,58095000,29087000,11685000,5870000,3542001,2378000,1219000
2024-03-22,115312000,57695000,28887000,11605000,5830000,3518001,2362000,1211000
2024-03-23,114512000,57295000,28687000,11525000,5790000,3494001,2346000,1203000
2024-03-24,114512000,57295000,28687000,11525000,5790000,3494001,2346000,1203000
2024-03-25,114512000,57295000,28687000,11525000,5790000,3494001,2346000,1203000
2024-03-26,115512000,57795000,28937000,11625000,5840000,3524001,2366000,1213000
2024-03-27,115912000,57995000,29037000,11665000,5860000,3536001,2374000,1217000
2024-03-28,116412000,58245000,29162000,11715000,5885000,3551001,2384000,1222000
2024-03-29,119112000,59595000,29837000,11985000,6020000,3632001,2438000,1249000
2024-03-30,119112000,59595000,29837000,11985000,6020000,3632001,2438000,1249000
2024-03-31,119112000,59595000,29837000,11985000,6020000,3632001,2438000,1249000
2024-04-01,119612000,59845000,29962000,12035000,6045000,3647001,2448000,1254000
2024-04-02,119812000,59945000,30012000,12055000,6055000,3653001,2452000,1256000
2024-04-03,121612000,60845000,30462000,12235000,6145000,3707001,2488000,1274000
2024-04-04,122512000,61295000,30687000,12325000,6190000,3734001,2506000,1283000
2024-04-05,122112000,61095000,30587000,12285000,6170000,3722001,2498000,1279000
2024-04-06,124112000,62095000,31087000,12485000,6270000,3782001,2538000,1299000
2024-04-07,124112000,62095000,31087000,12485000,6270000,3782001,2538000,1299000
2024-04-08,123112000,61595000,30837000,12385000,6220000,3752001,2518000,1289000
2024-04-09,124812000,62445000,31262000,12555000,6305000,3803001,2552000,1306000
2024-04-10,124812000,62445000,31262000,12555000,6305000,3803001,2552000,1306000
2024-04-11,124812000,62445000,31262000,12555000,6305000,3803001,2552000,1306000
2024-04-12,126612000,63345000,31712000,12735000,6395000,3857001,2588000,1324000
2024-04-13,125212000,62645000,31362000,12595000,6325000,3815001,2560000,1310000
2024-04-14,125212000,62645000,31362000,12595000,6325000,3815001,2560000,1310000
2024-04-15,125712000,62895000,31487000,12645000,6350000,3830001,2570000,1315000
2024-04-16,126312000,63195000,31637000,12705000,6380000,3848001,2582000,1321000
2024-04-17,126312000,63195000,31637000,12705000,6380000,3848001,2582000,1321000
2024-04-18,127712000,63895000,31987000,12845000,6450000,3890001,2610000,1335000
2024-04-19,128712000,64395000,32237000,12945000,6500000,3920001,2630000,1345000
2024-04-20,128912000,64495000,32287000,12965000,6510000,3926001,2634000,1347000
2024-04-21,128912000,64495000,32287000,12965000,6510000,3926001,2634000,1347000
2024-04-22,128512000,64295000,32187000,12925000,6490000,3914001,2626000,1343000
2024-04-23,126712000,63395000,31737000,12745000,6400000,3860001,2590000,1325000
2024-04-24,126212000,63145000,31612000,12695000,6375000,3845001,2580000,1320000
2024-04-25,126112000,63095000,31587000,12685000,6370000,3842001,2578000,1319000
2024-04-26,126112000,63095000,31587000,12685000,6370000,3842001,2578000,1319000
2024-04-27,126812000,63445000,31762000,12755000,6405000,3863001,2592000,1326000
2024-04-28,126812000,63445000,31762000,12755000,6405000,3863001,2592000,1326000
2024-04-29,126712000,63395000,31737000,12745000,6400000,3860001,2590000,1325000
2024-04-30,126712000,63395000,31737000,12745000,6400000,3860001,2590000,1325000
2024-05-01,125212000,62645000,31362000,12595000,6325000,3815001,2560000,1310000
2024-05-02,126912000,63495000,31787000,12765000,6410000,3866001,2594000,1327000
2024-05-03,126012000,63045000,31562000,12675000,6365000,3839001,2576000,1318000
2024-05-04,125512000,62795000,31437000,12625000,6340000,3824001,2566000,1313000
2024-05-05,125512000,62795000,31437000,12625000,6340000,3824001,2566000,1313000
2024-05-06,125212000,62645000,31362000,12595000,6325000,3815001,2560000,1310000
2024-05-07,126012000,63045000,31562000,12675000,6365000,3839001,2576000,1318000
2024-05-08,125012000,62545000,31312000,12575000,6315000,3809001,2556000,1308000
2024-05-09,124812000,62445000,31262000,12555000,6305000,3803001,2552000,1306000
2024-05-10,126812000,63445000,31762000,12755000,6405000,3863001,2592000,1326000
2024-05-11,127512000,63795000,31937000,12825000,6440000,3884001,2606000,1333000
2024-05-12,127512000,63795000,31937000,12825000,6440000,3884001,2606000,1333000
2024-05-13,127512000,63795000,31937000,12825000,6440000,3884001,2606000,1333000
2024-05-14,126612000,63345000,31712000,12735000,6395000,3857001,2588000,1324000
2024-05-15,127412000,63745000,31912000,12815000,6435000,3881001,2604000,1332000
2024-05-16,129612000,64845000,32462000,13035000,6545000,3947001,2648000,1354000
2024-05-17,128512000,64295000,32187000,12925000,6490000,3914001,2626000,1343000
2024-05-18,129212000,64645000,32362000,12995000,6525000,3935001,2640000,1350000
2024-05-19,129212000,64645000,32362000,12995000,6525000,3935001,2640000,1350000
2024-05-20,130512000,65295000,32687000,13125000,6590000,3974001,2666000,1363000
2024-05-21,130012000,65045000,32562000,13075000,6565000,3959001,2656000,1358000
2024-05-22,129912000,64995000,32537000,13065000,6560000,3956001,2654000,1357000
2024-05-23,128712000,64395000,32237000,12945000,6500000,3920001,2630000,1345000
2024-05-24,126712000,63395000,31737000,12745000,6400000,3860001,2590000,1325000
2024-05-25,126712000,63395000,31737000,12745000,6400000,3860001,2590000,1325000
2024-05-26,126712000,63395000,31737000,12745000,6400000,3860001,2590000,1325000
2024-05-27,126912000,63495000,31787000,12765000,6410000,3866001,2594000,1327000
2024-05-28,127512000,63795000,31937000,12825000,6440000,3884001,2606000,1333000
2024-05-29,128012000,64045000,32062000,12875000,6465000,3899001,2616000,1338000
2024-05-30,127112000,63595000,31837000,12785000,6420000,3872001,2598000,1329000
